"Discipline","Average","SD"
"Languages",1.875,0.846473778177952
"IT",2.66666666666667,0.847318545736323
"Others",2.07575757575758,1.00469513030912
